{
  "project_info": {
    "project_number": "859509984476",
    "project_id": "smartrail-f3b9b",
    "storage_bucket": "smartrail-f3b9b.firebasestorage.app"
  },
  "client": [
    {
      "client_info": {
        "mobilesdk_app_id": "1:859509984476:android:f0e7dadeb5e9dc8a58b819",
        "android_client_info": {
          "package_name": "com.singhastudios.smartrail"
        }
      },
      "oauth_client": [],
      "api_key": [
        {
          "current_key": "AIzaSyCSJLO2rGAfYzSP8YHAE4Ib6mk_FEZTkRw"
        }
      ],
      "services": {
        "appinvite_service": {
          "other_platform_oauth_client": []
        }
      }
    }
  ],
  "configuration_version": "1"
}